{"roc_auc_score": 0.834033613445378, "precision": 0.8461538461538461, "recall": 0.7857142857142857, "f1_score": 0.8148148148148148}