{"roc_auc_score": 0.8697478991596639, "precision": 0.8571428571428571, "recall": 0.8571428571428571, "f1_score": 0.8571428571428571}